Uniprot_ID,Site,PTM_Type
P10828-1,K184,Acetylation
P10828-1,K188,Acetylation
P10828-1,K190,Acetylation
Q14995,K163,Acetylation
P51449-2,K99,Acetylation
P51449-2,K69,Acetylation
Q13133-1,K434,Acetylation
P55055-1,K447,Acetylation
Q96RI1-1,K157,Acetylation
Q96RI1-1,K217,Acetylation
P41235-1,K458,Acetylation
P19793-1,K145,Acetylation
P49116-1,K175,Acetylation
P49116-1,K176,Acetylation
P03372-1,K266,Acetylation
P03372-1,K268,Acetylation
P03372-1,K299,Acetylation
P03372-1,K303,Acetylation
P03372-1,K302,Acetylation
P11474-1,K129,Acetylation
P11474-1,K138,Acetylation
P11474-1,K160,Acetylation
P11474-1,K162,Acetylation
P04150-1,K494,Acetylation
P04150-1,K495,Acetylation
P04150-1,K480,Acetylation
P04150-1,K492,Acetylation
P10275-1,K631,Acetylation
P10275-1,K633,Acetylation
P10275-1,K634,Acetylation
Q15466,K170,Acetylation
P10827,K7,Acetylation
P10827,K25,Acetylation
P10827,K130,Acetylation
P10827,K134,Acetylation
P10827,K136,Acetylation
P20393,K191,Acetylation
P20393,K192,Acetylation
P20393,K400,Acetylation
P20393,K591,Acetylation
Q14995,K162,Acetylation
P35398,K79,Acetylation
Q92753,K27,Acetylation
P51449,K37,Acetylation
Q96RI1,K167,Acetylation
Q96RI1,K227,Acetylation
O75469,K109,Acetylation
P41235,K106,Acetylation
P41235,K108,Acetylation
P41235,K126,Acetylation
P41235,K127,Acetylation
P19793,K417,Acetylation
P28702,K202,Acetylation
P28702,K26,Acetylation
P49116,K231,Acetylation
P49116,K200,Acetylation
P13056,K196,Acetylation
P13056,K56,Acetylation
P10589,K70,Acetylation
P10589,K96,Acetylation
P03372,K32,Acetylation
P03372,K171,Acetylation
P03372,K244,Acetylation
P03372,K252,Acetylation
P03372,K472,Acetylation
P03372,K8,Acetylation
P11474,K51,Acetylation
P11474,K68,Acetylation
O95718,K170,Acetylation
O95718,K238,Acetylation
P62508,K195,Acetylation
P04150,K154,Acetylation
P04150-8,M1,Acetylation
P04150-9,M1,Acetylation
P08235,K464,Acetylation
P06401,K183,Acetylation
P10275,K837,Acetylation
P10275,K606,Acetylation
P10275,K619,Acetylation
P22736,K288,Acetylation
P22736,K300,Acetylation
P22736,K307,Acetylation
Q13285,K34,Acetylation
Q13285,K38,Acetylation
Q13285,K72,Acetylation
O00482,K107,Acetylation
O00482,K111,Acetylation
P28702,K488,Acetylation
P48443,K418,Acetylation
O95718,K414,Acetylation
P08235,K182,Acetylation
P35398,K38,Acetylation
Q96RI1,K220,Acetylation
P04150,M1,Acetylation
P03372-1,S573,Glycosylation
P10826,S369,Glycosylation
P37231,T84,Glycosylation
P35398,S49,Glycosylation
P35398,T328,Glycosylation
Q13133,S49,Glycosylation
Q96RI1-1,S62,Glycosylation
P49116,S72,Glycosylation
P13056,S148,Glycosylation
P13056,S581,Glycosylation
P03372,S10,Glycosylation
P04150,S42,Glycosylation
P04150,S44,Glycosylation
P04150,S45,Glycosylation
P04150,S47,Glycosylation
P04150,S52,Glycosylation
P04150,S54,Glycosylation
P04150,S56,Glycosylation
Q92570,T488,Glycosylation
Q96RI1-1,K210,Methylation
P41235-1,R97,Methylation
P03372-1,K302,Methylation
P10275-1,K631,Methylation
Q15466,R57,Methylation
P35398,K38,Methylation
P55055,R126,Methylation
Q96RI1,K220,Methylation
Q96RI1,G210,Methylation
P28702,R6,Methylation
P28702,R25,Methylation
P28702,R303,Methylation
P48443,K10,Methylation
P10589,K148,Methylation
P10589,R366,Methylation
P03372,R260,Methylation
P10275,K633,Methylation
Q92570,R187,Methylation
Q15466,R238,Methylation
P10827,K288,Methylation
P10827,K83,Methylation
P10827,K252,Methylation
P10827,K304,Methylation
P10827,K101,Methylation
P10828,K206,Methylation
P10828,K223,Methylation
P10828,K137,Methylation
P10828,K306,Methylation
P10828,K155,Methylation
P10276,K190,Methylation
P10276,K360,Methylation
P10276,K399,Methylation
P10276,K134,Methylation
P10276,K262,Methylation
P10826,K360,Methylation
P10826,K190,Methylation
P10826,K399,Methylation
P10826,K134,Methylation
P10826,K262,Methylation
P13631,K192,Methylation
P13631,K56,Methylation
P13631,K401,Methylation
P13631,K136,Methylation
P13631,K264,Methylation
Q07869,K216,Methylation
Q07869,K266,Methylation
Q07869,K349,Methylation
Q07869,K429,Methylation
Q07869,K345,Methylation
Q07869,K425,Methylation
Q07869,K448,Methylation
Q07869,K222,Methylation
Q03181,K188,Methylation
Q03181,K322,Methylation
Q03181,K110,Methylation
Q03181,K402,Methylation
Q03181,K398,Methylation
P37231,K432,Methylation
P37231,K386,Methylation
P37231,K466,Methylation
P37231,K382,Methylation
P37231,K107,Methylation
P37231,K485,Methylation
P37231,K450,Methylation
P20393,K591,Methylation
P20393,K576,Methylation
P20393,K124,Methylation
Q14995,K557,Methylation
Q14995,K439,Methylation
Q14995,K68,Methylation
Q14995,K239,Methylation
P35398,K439,Methylation
P35398,K357,Methylation
P35398,K469,Methylation
P35398,K162,Methylation
P35398,K74,Methylation
Q92753,K307,Methylation
Q92753,K398,Methylation
Q92753,K259,Methylation
Q92753,K162,Methylation
Q92753,K110,Methylation
Q92753,K423,Methylation
Q92753,K232,Methylation
Q92753,K419,Methylation
P51449,K436,Methylation
P51449,K354,Methylation
P51449,K178,Methylation
P51449,K120,Methylation
P51449,K192,Methylation
P51449,K465,Methylation
Q13133,K291,Methylation
Q13133,K177,Methylation
P55055,K304,Methylation
Q96RI1,R99,Methylation
Q96RI1,K420,Methylation
Q96RI1,K335,Methylation
Q96RI1,K33,Methylation
Q96RI1,K352,Methylation
P11473,K117,Methylation
P11473,K264,Methylation
P11473,K382,Methylation
O75469,K277,Methylation
O75469,K126,Methylation
O75469,K374,Methylation
Q14994,K255,Methylation
Q14994,K195,Methylation
Q14994,K174,Methylation
Q14994,K108,Methylation
Q14994,K315,Methylation
P41235,K290,Methylation
P19793,K160,Methylation
P19793,K356,Methylation
P19793,K118,Methylation
P19793,K431,Methylation
P19793,K181,Methylation
P19793,K321,Methylation
P28702,K230,Methylation
P28702,K427,Methylation
P28702,K180,Methylation
P28702,K502,Methylation
P28702,K235,Methylation
P28702,K314,Methylation
P48443,K164,Methylation
P48443,K357,Methylation
P48443,K432,Methylation
P48443,K185,Methylation
P48443,K169,Methylation
P49116,K531,Methylation
P49116,K496,Methylation
P49116,K142,Methylation
P49116,K231,Methylation
P49116,K105,Methylation
P49116,K516,Methylation
P49116,K581,Methylation
P49116,K163,Methylation
P13056,K503,Methylation
P13056,K138,Methylation
P13056,K523,Methylation
P13056,K143,Methylation
P13056,K159,Methylation
P13056,K427,Methylation
Q9Y466,K41,Methylation
Q9Y466,K101,Methylation
Q9Y466,K85,Methylation
Q9Y5X4,K72,Methylation
P10589,K347,Methylation
P10589,K308,Methylation
P10589,K396,Methylation
P24468,K340,Methylation
P24468,K301,Methylation
P24468,K389,Methylation
P10588,K330,Methylation
P10588,K379,Methylation
P03372,K299,Methylation
P03372,K481,Methylation
P03372,K472,Methylation
P03372,K449,Methylation
Q92731,K125,Methylation
P11474,K330,Methylation
P11474,K24,Methylation
P11474,K14,Methylation
O95718,K365,Methylation
O95718,K17,Methylation
O95718,K90,Methylation
P62508,K390,Methylation
P62508,K40,Methylation
P62508,K354,Methylation
P04150,R34,Methylation
P04150,K80,Methylation
P04150,K120,Methylation
P04150,K293,Methylation
P04150,K703,Methylation
P04150,K467,Methylation
P08235,K883,Methylation
P08235,K95,Methylation
P08235,K142,Methylation
P08235,K901,Methylation
P08235,K428,Methylation
P08235,K649,Methylation
P06401,K885,Methylation
P06401,K531,Methylation
P06401,K854,Methylation
P10275,K884,Methylation
P10275,K837,Methylation
P10275,K639,Methylation
P43354,K288,Methylation
P43354,K558,Methylation
P43354,K432,Methylation
P43354,K530,Methylation
P22736,K419,Methylation
P22736,K292,Methylation
P22736,K558,Methylation
P22736,K32,Methylation
Q92570,K317,Methylation
Q92570,K463,Methylation
Q92570,K85,Methylation
Q92570,K518,Methylation
Q13285,K391,Methylation
Q13285,K38,Methylation
Q13285,K382,Methylation
Q13285,K372,Methylation
O00482,K111,Methylation
O00482,K310,Methylation
O00482,K462,Methylation
O00482,K72,Methylation
O00482,K452,Methylation
Q15406,K85,Methylation
P51843,K382,Methylation
P51843,K351,Methylation
P51843,K264,Methylation
P51843,K362,Methylation
Q15466,K119,Methylation
Q15466,K164,Methylation
P13631,R34,Methylation
P04150,R23,Methylation
P03372-1,C447,Palmitoylation
P10276,C105,Palmitoylation
P10276,C174,Palmitoylation
P10828-1,S142,Phosphorylation
P10828-1,K128,Phosphorylation
P10828-1,R132,Phosphorylation
P10828-1,R133,Phosphorylation
P10276-1,S96,Phosphorylation
P10276-1,S157,Phosphorylation
P10276-1,S369,Phosphorylation
P10276-1,S443,Phosphorylation
P10276-1,S445,Phosphorylation
P10276-1,S449,Phosphorylation
P10276-1,T181,Phosphorylation
P13631-1,S77,Phosphorylation
P13631-1,S79,Phosphorylation
P13631-2,S66,Phosphorylation
P13631-2,S68,Phosphorylation
Q07869-1,S12,Phosphorylation
Q07869-1,S21,Phosphorylation
P37231-1,S112,Phosphorylation
P20393,S59,Phosphorylation
P35398-2,S35,Phosphorylation
P35398-2,S100,Phosphorylation
Q13133-1,S198,Phosphorylation
Q96RI1-1,Y67,Phosphorylation
Q96RI1-1,S135,Phosphorylation
Q96RI1-1,S154,Phosphorylation
Q96RI1-1,T442,Phosphorylation
Q96RI1-1,S327,Phosphorylation
P11473-1,S51,Phosphorylation
P11473-1,S208,Phosphorylation
P11473-1,S182,Phosphorylation
P11473-1,S222,Phosphorylation
O75469-1,T408,Phosphorylation
O75469-1,S8,Phosphorylation
O75469-1,S208,Phosphorylation
O75469-1,S305,Phosphorylation
O75469-1,S350,Phosphorylation
O75469-1,T57,Phosphorylation
Q14994-1,T38,Phosphorylation
P41235-1,S148,Phosphorylation
P41235-1,S151,Phosphorylation
P41235-1,S303,Phosphorylation
P41235-1,S378,Phosphorylation
P41235-1,T455,Phosphorylation
P41235-1,S313,Phosphorylation
P41235-1,S167,Phosphorylation
P41235-1,S87,Phosphorylation
P41235-2,Y23,Phosphorylation
P41235-2,Y286,Phosphorylation
P41235-2,Y288,Phosphorylation
P19793-1,S260,Phosphorylation
P19793-1,Y249,Phosphorylation
P19793-1,Y397,Phosphorylation
P19793-1,S27,Phosphorylation
P19793-1,T162,Phosphorylation
Q9Y466-1,S301,Phosphorylation
Q9Y466-1,S9,Phosphorylation
Q9Y466-1,T357,Phosphorylation
Q9Y466-1,S354,Phosphorylation
Q9Y466-1,S356,Phosphorylation
P03372-1,S118,Phosphorylation
P03372-1,S167,Phosphorylation
P03372-1,S104,Phosphorylation
P03372-1,S106,Phosphorylation
P03372-1,S236,Phosphorylation
P03372-1,Y537,Phosphorylation
P03372-1,S212,Phosphorylation
P03372-1,S47,Phosphorylation
P03372-1,S282,Phosphorylation
P03372-1,S294,Phosphorylation
P03372-1,S559,Phosphorylation
P03372-1,Y52,Phosphorylation
P03372-1,Y219,Phosphorylation
P03372-1,T311,Phosphorylation
P03372-1,S305,Phosphorylation
P03372-1,S154,Phosphorylation
Q92731-1,S105,Phosphorylation
P11474-1,S19,Phosphorylation
P11474-1,S22,Phosphorylation
P62508-1,S45,Phosphorylation
P04150-1,S203,Phosphorylation
P04150-1,S211,Phosphorylation
P04150-1,T524,Phosphorylation
P04150-1,S617,Phosphorylation
P04150-1,S404,Phosphorylation
P08235-1,S843,Phosphorylation
P08235-1,S129,Phosphorylation
P08235-1,T159,Phosphorylation
P08235-1,S250,Phosphorylation
P06401-1,S25,Phosphorylation
P06401-1,S81,Phosphorylation
P06401-1,S162,Phosphorylation
P06401-1,S190,Phosphorylation
P06401-1,S213,Phosphorylation
P06401-1,S400,Phosphorylation
P06401-1,S102,Phosphorylation
P06401-1,S294,Phosphorylation
P06401-1,S345,Phosphorylation
P06401-1,S554,Phosphorylation
P06401-1,S676,Phosphorylation
P06401-1,T430,Phosphorylation
P10275-1,S83,Phosphorylation
P10275-1,S16,Phosphorylation
P10275-1,S96,Phosphorylation
P10275-1,S258,Phosphorylation
P10275-1,S310,Phosphorylation
P10275-1,S426,Phosphorylation
P10275-1,S651,Phosphorylation
P10275-1,S215,Phosphorylation
P10275-1,S792,Phosphorylation
P10275-1,T851,Phosphorylation
P10275-1,T282,Phosphorylation
P10275-1,S516,Phosphorylation
P10275-1,S579,Phosphorylation
P10275-1,Y225,Phosphorylation
P10275-1,Y309,Phosphorylation
P10275-1,Y348,Phosphorylation
P10275-1,Y364,Phosphorylation
P10275-1,Y395,Phosphorylation
P10275-1,Y552,Phosphorylation
P10275-1,Y916,Phosphorylation
P10275-1,Y535,Phosphorylation
P10275-1,Y269,Phosphorylation
P10275-1,Y365,Phosphorylation
P43354-1,S126,Phosphorylation
P43354-1,S125,Phosphorylation
P43354-1,T129,Phosphorylation
P43354-1,T132,Phosphorylation
P43354-1,T185,Phosphorylation
P22736-1,S431,Phosphorylation
P22736-1,S140,Phosphorylation
P22736-1,T143,Phosphorylation
O00482-1,S238,Phosphorylation
O00482-1,S243,Phosphorylation
O00482-1,S510,Phosphorylation
Q15466,T55,Phosphorylation
P10827,S12,Phosphorylation
P10827,S18,Phosphorylation
P10827,S21,Phosphorylation
P10827,S199,Phosphorylation
P10827,T37,Phosphorylation
P10827,S38,Phosphorylation
P10827,S45,Phosphorylation
P10827,Y46,Phosphorylation
P10827,S40,Phosphorylation
P10827,Y42,Phosphorylation
P10827,S435,Phosphorylation
P10828,S55,Phosphorylation
P10828,S270,Phosphorylation
P10828,Y406,Phosphorylation
P10828,T12,Phosphorylation
P10828,T2,Phosphorylation
P10828,T273,Phosphorylation
P10828,S5,Phosphorylation
P10276,S77,Phosphorylation
P10276,S219,Phosphorylation
P10276,S461,Phosphorylation
P10276-2,S440,Phosphorylation
P10276,S447,Phosphorylation
P10276,S74,Phosphorylation
P10276,T382,Phosphorylation
P10276,S451,Phosphorylation
P10276,S452,Phosphorylation
P10276,S455,Phosphorylation
P10276,S456,Phosphorylation
P10276,T459,Phosphorylation
P10276-2,T11,Phosphorylation
P10276-2,Y2,Phosphorylation
P10276-2,Y21,Phosphorylation
P10276-2,S4,Phosphorylation
P10276-2,S72,Phosphorylation
P10826,S77,Phosphorylation
P10826,Y122,Phosphorylation
P10826,T123,Phosphorylation
P10826,T346,Phosphorylation
P10826,T382,Phosphorylation
P10826,S96,Phosphorylation
P10826-2,S67,Phosphorylation
P10826-2,S70,Phosphorylation
P13631,S36,Phosphorylation
P13631,S43,Phosphorylation
P13631,S426,Phosphorylation
P13631,S452,Phosphorylation
P13631,Y374,Phosphorylation
P13631,S371,Phosphorylation
P13631,S176,Phosphorylation
P13631,S179,Phosphorylation
P13631,Y180,Phosphorylation
P13631,T384,Phosphorylation
P13631,S427,Phosphorylation
P13631,S436,Phosphorylation
P13631,S437,Phosphorylation
P13631,S76,Phosphorylation
P13631-3,S5,Phosphorylation
P13631-3,S7,Phosphorylation
Q07869,S6,Phosphorylation
Q07869,S45,Phosphorylation
Q07869,S179,Phosphorylation
Q07869,S230,Phosphorylation
Q07869,Y314,Phosphorylation
Q07869,S323,Phosphorylation
Q07869,T340,Phosphorylation
Q07869,S163,Phosphorylation
Q07869,Y311,Phosphorylation
Q07869,S38,Phosphorylation
Q03181,S48,Phosphorylation
Q03181,S49,Phosphorylation
Q03181,S50,Phosphorylation
Q03181,S53,Phosphorylation
P37231,Y102,Phosphorylation
P37231,Y123,Phosphorylation
P37231,T269,Phosphorylation
P37231,S273,Phosphorylation
P37231,S104,Phosphorylation
P37231,Y115,Phosphorylation
P37231,Y116,Phosphorylation
P37231,S117,Phosphorylation
P20393,S23,Phosphorylation
P20393,S55,Phosphorylation
P20393,S280,Phosphorylation
P20393,S320,Phosphorylation
P20393,Y394,Phosphorylation
P20393,S486,Phosphorylation
P20393,S22,Phosphorylation
P20393,T284,Phosphorylation
P20393,S310,Phosphorylation
P20393,S322,Phosphorylation
P20393,T597,Phosphorylation
P20393,S603,Phosphorylation
P20393,T10,Phosphorylation
P20393,S176,Phosphorylation
P20393,S19,Phosphorylation
P20393,T2,Phosphorylation
P20393,S20,Phosphorylation
P20393,S25,Phosphorylation
P20393,T27,Phosphorylation
P20393,S278,Phosphorylation
P20393,T3,Phosphorylation
P20393,S309,Phosphorylation
P20393,T326,Phosphorylation
P20393,T327,Phosphorylation
P20393,T470,Phosphorylation
P20393,S6,Phosphorylation
P20393,S608,Phosphorylation
Q14995,T78,Phosphorylation
Q14995,S79,Phosphorylation
Q14995,S81,Phosphorylation
Q14995,S82,Phosphorylation
Q14995,T87,Phosphorylation
Q14995,T460,Phosphorylation
Q14995,T462,Phosphorylation
Q14995,S242,Phosphorylation
Q14995,S241,Phosphorylation
Q14995,S470,Phosphorylation
P35398-4,Y102,Phosphorylation
P35398,T183,Phosphorylation
P35398,S216,Phosphorylation
P35398,S155,Phosphorylation
P35398,Y157,Phosphorylation
P35398,S49,Phosphorylation
P35398,S51,Phosphorylation
Q92753,S136,Phosphorylation
Q92753,S149,Phosphorylation
Q92753,T151,Phosphorylation
Q92753,S103,Phosphorylation
Q92753,Y105,Phosphorylation
Q92753,Y133,Phosphorylation
Q92753,S134,Phosphorylation
Q92753,S135,Phosphorylation
Q92753,S138,Phosphorylation
Q92753,S142,Phosphorylation
Q92753,T148,Phosphorylation
Q92753,Y152,Phosphorylation
Q92753,S163,Phosphorylation
Q92753,Y166,Phosphorylation
Q92753,Y167,Phosphorylation
Q92753,S171,Phosphorylation
Q92753,S175,Phosphorylation
Q92753,S179,Phosphorylation
Q92753,T184,Phosphorylation
Q92753,S380,Phosphorylation
Q92753,S444,Phosphorylation
Q92753,T451,Phosphorylation
Q92753,Y457,Phosphorylation
P51449,S205,Phosphorylation
P51449,T225,Phosphorylation
P51449,Y264,Phosphorylation
P51449,T68,Phosphorylation
P51449,T78,Phosphorylation
P51449,S79,Phosphorylation
P51449,S219,Phosphorylation
P51449,T220,Phosphorylation
P51449,S222,Phosphorylation
P51449,S24,Phosphorylation
P51449,S253,Phosphorylation
P51449,T510,Phosphorylation
P51449,S512,Phosphorylation
P51449,S58,Phosphorylation
P51449,Y65,Phosphorylation
P51449,S66,Phosphorylation
Q13133,S197,Phosphorylation
Q13133,S246,Phosphorylation
Q13133,T314,Phosphorylation
Q13133,S413,Phosphorylation
Q13133,S191,Phosphorylation
Q13133,S207,Phosphorylation
Q13133,T292,Phosphorylation
Q13133,S303,Phosphorylation
Q13133,S320,Phosphorylation
P55055,S8,Phosphorylation
P55055,T11,Phosphorylation
P55055,S200,Phosphorylation
P55055,S426,Phosphorylation
P55055,S3,Phosphorylation
P55055,T5,Phosphorylation
P55055,S25,Phosphorylation
P55055,S26,Phosphorylation
P55055,S2,Phosphorylation
P55055,S27,Phosphorylation
P55055,T6,Phosphorylation
P55055,T29,Phosphorylation
P55055,Y398,Phosphorylation
P55055,S404,Phosphorylation
P55055,T406,Phosphorylation
P55055,S7,Phosphorylation
Q96RI1,S145,Phosphorylation
Q96RI1,S164,Phosphorylation
Q96RI1,T456,Phosphorylation
Q96RI1,C154,Phosphorylation
Q96RI1,E135,Phosphorylation
Q96RI1,S31,Phosphorylation
Q96RI1,S356,Phosphorylation
Q96RI1,S359,Phosphorylation
P11473,S172,Phosphorylation
P11473,T175,Phosphorylation
P11473-2,S442,Phosphorylation
P11473-2,S461,Phosphorylation
P11473,S165,Phosphorylation
P11473,S168,Phosphorylation
P11473,S392,Phosphorylation
P11473,S411,Phosphorylation
P11473,S7,Phosphorylation
P11473,T8,Phosphorylation
P11473,S9,Phosphorylation
O75469,T133,Phosphorylation
O75469,T248,Phosphorylation
O75469,Y249,Phosphorylation
O75469,S256,Phosphorylation
O75469,S274,Phosphorylation
O75469-7,T172,Phosphorylation
O75469,S212,Phosphorylation
O75469,S247,Phosphorylation
Q14994,S192,Phosphorylation
P41235,S138,Phosphorylation
P41235,S142,Phosphorylation
P41235,S143,Phosphorylation
P41235,Y144,Phosphorylation
P41235,S147,Phosphorylation
P41235,T166,Phosphorylation
P41235,S170,Phosphorylation
P41235,S190,Phosphorylation
P41235,S318,Phosphorylation
P41235,T429,Phosphorylation
P41235,T432,Phosphorylation
P41235,S436,Phosphorylation
P41235,S441,Phosphorylation
P41235,S443,Phosphorylation
P41235,T469,Phosphorylation
P41235,Y204,Phosphorylation
P41235,Y446,Phosphorylation
P19793,S17,Phosphorylation
P19793,S18,Phosphorylation
P19793,T20,Phosphorylation
P19793,S21,Phosphorylation
P19793,T23,Phosphorylation
P19793,S32,Phosphorylation
P19793,T82,Phosphorylation
P19793,S129,Phosphorylation
P19793,Y150,Phosphorylation
P19793,S259,Phosphorylation
P19793,T266,Phosphorylation
P19793,S12,Phosphorylation
P19793,S222,Phosphorylation
P19793,T223,Phosphorylation
P19793,S224,Phosphorylation
P19793,S225,Phosphorylation
P19793,S124,Phosphorylation
P19793,T13,Phosphorylation
P19793,S151,Phosphorylation
P19793,T246,Phosphorylation
P19793,T248,Phosphorylation
P28702,Y220,Phosphorylation
P28702,T325,Phosphorylation
P28702,S328,Phosphorylation
P28702,S330,Phosphorylation
P28702,S331,Phosphorylation
P28702,S221,Phosphorylation
P28702,S315,Phosphorylation
P28702,T337,Phosphorylation
P28702,T60,Phosphorylation
P48443,Y154,Phosphorylation
P48443,Y15,Phosphorylation
P48443,S155,Phosphorylation
P48443,S18,Phosphorylation
P48443,T22,Phosphorylation
P48443,S222,Phosphorylation
P48443,T25,Phosphorylation
P48443,S34,Phosphorylation
P49116,S12,Phosphorylation
P49116,T13,Phosphorylation
P49116,S19,Phosphorylation
P49116,S46,Phosphorylation
P49116,S55,Phosphorylation
P49116,S68,Phosphorylation
P49116,S98,Phosphorylation
P49116,S219,Phosphorylation
P49116,T224,Phosphorylation
P49116,T226,Phosphorylation
P49116,T322,Phosphorylation
P49116,S328,Phosphorylation
P49116,S330,Phosphorylation
P49116,S351,Phosphorylation
P49116,T352,Phosphorylation
P49116-2,T13,Phosphorylation
P49116-2,S15,Phosphorylation
P49116-2,S19,Phosphorylation
P49116-2,S65,Phosphorylation
P49116-2,T73,Phosphorylation
P49116-2,S87,Phosphorylation
P49116-2,S115,Phosphorylation
P49116-2,S117,Phosphorylation
P49116-2,S238,Phosphorylation
P49116-2,T243,Phosphorylation
P49116-2,S346,Phosphorylation
P49116-2,S347,Phosphorylation
P49116-2,S370,Phosphorylation
P49116-2,T371,Phosphorylation
P49116,S15,Phosphorylation
P49116,T27,Phosphorylation
P49116,S327,Phosphorylation
P49116,S44,Phosphorylation
P49116,T54,Phosphorylation
P49116,S96,Phosphorylation
P49116,S189,Phosphorylation
P49116,T2,Phosphorylation
P49116,S207,Phosphorylation
P49116,T208,Phosphorylation
P49116,T323,Phosphorylation
P49116,S325,Phosphorylation
P49116,S326,Phosphorylation
P49116,T337,Phosphorylation
P49116,S338,Phosphorylation
P49116,S342,Phosphorylation
P49116,S347,Phosphorylation
P49116,S363,Phosphorylation
P49116,T365,Phosphorylation
P49116,T368,Phosphorylation
P49116,T39,Phosphorylation
P49116,S5,Phosphorylation
P49116,T61,Phosphorylation
P49116,T71,Phosphorylation
P49116,S72,Phosphorylation
P49116,S73,Phosphorylation
P49116,T94,Phosphorylation
P49116-2,T37,Phosphorylation
P49116-2,S38,Phosphorylation
P13056,S52,Phosphorylation
P13056,T53,Phosphorylation
P13056,S64,Phosphorylation
P13056,T73,Phosphorylation
P13056,T98,Phosphorylation
P13056,S152,Phosphorylation
P13056,Y208,Phosphorylation
P13056,S215,Phosphorylation
P13056,T218,Phosphorylation
P13056,T220,Phosphorylation
P13056,T222,Phosphorylation
P13056,S101,Phosphorylation
P13056,S247,Phosphorylation
P13056,T251,Phosphorylation
P13056,T47,Phosphorylation
P13056,Y529,Phosphorylation
P13056,T65,Phosphorylation
P13056,S90,Phosphorylation
P13056,T204,Phosphorylation
P13056,T21,Phosphorylation
P13056,T225,Phosphorylation
P13056,S227,Phosphorylation
P13056,S229,Phosphorylation
P13056,T230,Phosphorylation
P13056,T233,Phosphorylation
P13056,S238,Phosphorylation
P13056,S424,Phosphorylation
P13056,S55,Phosphorylation
P13056,T72,Phosphorylation
Q9Y466,S2,Phosphorylation
Q9Y466,S202,Phosphorylation
Q9Y466,S207,Phosphorylation
Q9Y466,T208,Phosphorylation
Q9Y466,S210,Phosphorylation
Q9Y466,T299,Phosphorylation
Q9Y466,S7,Phosphorylation
Q9Y5X4,T333,Phosphorylation
Q9Y5X4,S145,Phosphorylation
Q9Y5X4,S156,Phosphorylation
Q9Y5X4,T12,Phosphorylation
Q9Y5X4,S24,Phosphorylation
Q9Y5X4,S377,Phosphorylation
Q9Y5X4,T394,Phosphorylation
Q9Y5X4,T6,Phosphorylation
P10589,T51,Phosphorylation
P10589,T54,Phosphorylation
P10589,T63,Phosphorylation
P10589,S77,Phosphorylation
P10589,T401,Phosphorylation
P10589,T121,Phosphorylation
P10589,Y140,Phosphorylation
P10589,S376,Phosphorylation
P10589,S381,Phosphorylation
P10589,S382,Phosphorylation
P10589,S46,Phosphorylation
P10589,T66,Phosphorylation
P10589,S80,Phosphorylation
P24468,T39,Phosphorylation
P24468,T51,Phosphorylation
P24468,S112,Phosphorylation
P24468,S369,Phosphorylation
P24468,T394,Phosphorylation
P24468,Y133,Phosphorylation
P24468,S374,Phosphorylation
P24468,S375,Phosphorylation
P24468,S50,Phosphorylation
P24468,T55,Phosphorylation
P24468,T7,Phosphorylation
P10588,T5,Phosphorylation
P10588,S32,Phosphorylation
P10588,S34,Phosphorylation
P10588,S40,Phosphorylation
P10588,S83,Phosphorylation
P10588,S89,Phosphorylation
P10588,S149,Phosphorylation
P10588,T336,Phosphorylation
P10588,S134,Phosphorylation
P10588,S142,Phosphorylation
P10588,S143,Phosphorylation
P10588,S145,Phosphorylation
P10588,Y110,Phosphorylation
P10588,T15,Phosphorylation
P10588,S156,Phosphorylation
P10588,S167,Phosphorylation
P10588,Y338,Phosphorylation
P10588,Y343,Phosphorylation
P10588,S345,Phosphorylation
P03372,T2,Phosphorylation
P03372,T4,Phosphorylation
P03372,T7,Phosphorylation
P03372,S10,Phosphorylation
P03372,S46,Phosphorylation
P03372,S102,Phosphorylation
P03372,S554,Phosphorylation
P03372,S575,Phosphorylation
P03372,S576,Phosphorylation
P03372,S201,Phosphorylation
P03372,Y328,Phosphorylation
P03372,S329,Phosphorylation
P03372,T570,Phosphorylation
P03372,S573,Phosphorylation
P03372,T574,Phosphorylation
Q92731,Y56,Phosphorylation
Q92731,S87,Phosphorylation
Q92731,S165,Phosphorylation
Q92731,S176,Phosphorylation
Q92731,S200,Phosphorylation
Q92731,Y210,Phosphorylation
Q92731,S323,Phosphorylation
Q92731,T415,Phosphorylation
Q92731,T417,Phosphorylation
Q92731,S422,Phosphorylation
Q92731,S423,Phosphorylation
Q92731-2,T492,Phosphorylation
Q92731-4,S484,Phosphorylation
Q92731-4,T491,Phosphorylation
Q92731-7,Y320,Phosphorylation
Q92731-7,T324,Phosphorylation
Q92731-7,S331,Phosphorylation
P11474,S3,Phosphorylation
P11474,S26,Phosphorylation
P11474,S27,Phosphorylation
P11474,T29,Phosphorylation
P11474,T31,Phosphorylation
P11474,T137,Phosphorylation
P11474,S2,Phosphorylation
P11474,T44,Phosphorylation
P11474,S73,Phosphorylation
P11474,S95,Phosphorylation
P11474-2,T190,Phosphorylation
O95718,S352,Phosphorylation
O95718,S354,Phosphorylation
O95718,Y356,Phosphorylation
O95718,T395,Phosphorylation
O95718,S111,Phosphorylation
O95718,S119,Phosphorylation
O95718,S14,Phosphorylation
O95718,T343,Phosphorylation
O95718-1,S478,Phosphorylation
O95718-1,S479,Phosphorylation
O95718-1,S493,Phosphorylation
O95718-1,T494,Phosphorylation
P62508,S37,Phosphorylation
P62508,Y101,Phosphorylation
P62508,T114,Phosphorylation
P62508,S122,Phosphorylation
P62508-5,T112,Phosphorylation
P62508,S105,Phosphorylation
P62508,S106,Phosphorylation
P62508,T107,Phosphorylation
P62508,Y118,Phosphorylation
P62508,S136,Phosphorylation
P62508,S144,Phosphorylation
P62508,S219,Phosphorylation
P62508,Y221,Phosphorylation
P62508,S239,Phosphorylation
P62508,T256,Phosphorylation
P62508,S260,Phosphorylation
P62508,S377,Phosphorylation
P04150,S6,Phosphorylation
P04150,T8,Phosphorylation
P04150,Y30,Phosphorylation
P04150,T32,Phosphorylation
P04150,T38,Phosphorylation
P04150,S44,Phosphorylation
P04150,S45,Phosphorylation
P04150,S54,Phosphorylation
P04150,S56,Phosphorylation
P04150,S113,Phosphorylation
P04150,S125,Phosphorylation
P04150,S132,Phosphorylation
P04150,T133,Phosphorylation
P04150,S134,Phosphorylation
P04150,S141,Phosphorylation
P04150,T208,Phosphorylation
P04150,S226,Phosphorylation
P04150,S234,Phosphorylation
P04150,S266,Phosphorylation
P04150,S267,Phosphorylation
P04150,T272,Phosphorylation
P04150,T288,Phosphorylation
P04150,Y301,Phosphorylation
P04150,S305,Phosphorylation
P04150,S317,Phosphorylation
P04150,S390,Phosphorylation
P04150,S508,Phosphorylation
P04150,Y648,Phosphorylation
P04150,S650,Phosphorylation
P04150,S651,Phosphorylation
P04150,S165,Phosphorylation
P04150,S241,Phosphorylation
P04150,S407,Phosphorylation
P04150,S409,Phosphorylation
P04150-3,S509,Phosphorylation
P04150,S142,Phosphorylation
P04150,S16,Phosphorylation
P04150,S17,Phosphorylation
P04150,S201,Phosphorylation
P04150,S269,Phosphorylation
P04150,T299,Phosphorylation
P04150,S395,Phosphorylation
P04150,S47,Phosphorylation
P04150,S164,Phosphorylation
P04150,S111,Phosphorylation
P04150,S114,Phosphorylation
P04150,T117,Phosphorylation
P04150,S144,Phosphorylation
P04150,T145,Phosphorylation
P04150,S148,Phosphorylation
P04150,S161,Phosphorylation
P04150,S189,Phosphorylation
P04150,T190,Phosphorylation
P04150,S200,Phosphorylation
P04150,S215,Phosphorylation
P04150,T253,Phosphorylation
P04150,S340,Phosphorylation
P04150,S377,Phosphorylation
P04150,T387,Phosphorylation
P04150,Y393,Phosphorylation
P04150,S394,Phosphorylation
P04150,S397,Phosphorylation
P04150,S403,Phosphorylation
P04150,S408,Phosphorylation
P04150,S410,Phosphorylation
P04150,T411,Phosphorylation
P04150,T413,Phosphorylation
P04150,S42,Phosphorylation
P04150,T511,Phosphorylation
P04150,S52,Phosphorylation
P04150,T635,Phosphorylation
P04150,Y640,Phosphorylation
P04150,S659,Phosphorylation
P04150,Y660,Phosphorylation
P04150,T668,Phosphorylation
P04150,S673,Phosphorylation
P04150,S674,Phosphorylation
P04150,S69,Phosphorylation
P08235,T3,Phosphorylation
P08235,Y6,Phosphorylation
P08235,S8,Phosphorylation
P08235,S183,Phosphorylation
P08235,S248,Phosphorylation
P08235,S255,Phosphorylation
P08235,S259,Phosphorylation
P08235,S262,Phosphorylation
P08235,S263,Phosphorylation
P08235,S274,Phosphorylation
P08235,S283,Phosphorylation
P08235,S287,Phosphorylation
P08235,S299,Phosphorylation
P08235,S311,Phosphorylation
P08235,S361,Phosphorylation
P08235,S543,Phosphorylation
P08235,T735,Phosphorylation
P08235,S737,Phosphorylation
P08235,S127,Phosphorylation
P08235,T708,Phosphorylation
P08235,S703,Phosphorylation
P08235,Y134,Phosphorylation
P08235,S266,Phosphorylation
P08235,S267,Phosphorylation
P08235,S270,Phosphorylation
P08235,S271,Phosphorylation
P08235,S273,Phosphorylation
P08235,S277,Phosphorylation
P08235,S280,Phosphorylation
P08235,S286,Phosphorylation
P08235,S29,Phosphorylation
P08235,T292,Phosphorylation
P08235,S298,Phosphorylation
P08235,S30,Phosphorylation
P08235,S312,Phosphorylation
P08235,S534,Phosphorylation
P08235,S536,Phosphorylation
P08235,T709,Phosphorylation
P08235,Y710,Phosphorylation
P08235,S815,Phosphorylation
P06401,S20,Phosphorylation
P06401,S79,Phosphorylation
P06401,Y87,Phosphorylation
P06401,S101,Phosphorylation
P06401,S130,Phosphorylation
P06401,T137,Phosphorylation
P06401,S227,Phosphorylation
P06401,S276,Phosphorylation
P06401,S328,Phosphorylation
P06401,T351,Phosphorylation
P06401,Y377,Phosphorylation
P06401,S397,Phosphorylation
P06401,S549,Phosphorylation
P06401,S552,Phosphorylation
P06401,S558,Phosphorylation
P06401,S561,Phosphorylation
P06401,S666,Phosphorylation
P06401,S735,Phosphorylation
P06401,S100,Phosphorylation
P06401,S138,Phosphorylation
P06401,S139,Phosphorylation
P06401,S166,Phosphorylation
P06401,S229,Phosphorylation
P06401,S232,Phosphorylation
P06401,S273,Phosphorylation
P06401,S344,Phosphorylation
P06401,S349,Phosphorylation
P06401,S350,Phosphorylation
P06401,S99,Phosphorylation
P10275-2,S119,Phosphorylation
P10275,S424,Phosphorylation
P10275,S293,Phosphorylation
P10275,S298,Phosphorylation
P10275,S335,Phosphorylation
P10275,Y359,Phosphorylation
P10275,S647,Phosphorylation
P10275,S648,Phosphorylation
P10275,T649,Phosphorylation
P10275,S206,Phosphorylation
P10275,S302,Phosphorylation
P10275,S208,Phosphorylation
P10275,Y11,Phosphorylation
P10275,S121,Phosphorylation
P10275,S142,Phosphorylation
P10275,T18,Phosphorylation
P10275,Y19,Phosphorylation
P10275,S29,Phosphorylation
P10275,T303,Phosphorylation
P10275,S328,Phosphorylation
P10275,S330,Phosphorylation
P10275,S336,Phosphorylation
P10275,T338,Phosphorylation
P10275,Y504,Phosphorylation
P10275,T518,Phosphorylation
P10275,T653,Phosphorylation
P10275,T656,Phosphorylation
P10275,T657,Phosphorylation
P43354,S177,Phosphorylation
P43354,S181,Phosphorylation
P43354,S250,Phosphorylation
P43354,S256,Phosphorylation
P43354,S258,Phosphorylation
P43354,T335,Phosphorylation
P43354,S337,Phosphorylation
P43354,S347,Phosphorylation
P43354,S351,Phosphorylation
P43354,S356,Phosphorylation
P43354,S359,Phosphorylation
P43354,S363,Phosphorylation
P43354,T246,Phosphorylation
P43354,S366,Phosphorylation
P43354,S375,Phosphorylation
P43354,S174,Phosphorylation
P43354,S253,Phosphorylation
P43354,T380,Phosphorylation
P43354,S381,Phosphorylation
P43354,Y384,Phosphorylation
P43354,S385,Phosphorylation
P22736,T10,Phosphorylation
P22736,S14,Phosphorylation
P22736,S23,Phosphorylation
P22736,T27,Phosphorylation
P22736,S95,Phosphorylation
P22736,S193,Phosphorylation
P22736,T196,Phosphorylation
P22736,S201,Phosphorylation
P22736,S205,Phosphorylation
P22736,S263,Phosphorylation
P22736,T339,Phosphorylation
P22736,S341,Phosphorylation
P22736,S351,Phosphorylation
P22736,S360,Phosphorylation
P22736-2,S214,Phosphorylation
P22736-2,S218,Phosphorylation
P22736-2,S364,Phosphorylation
P22736,S199,Phosphorylation
P22736,S237,Phosphorylation
P22736,S100,Phosphorylation
P22736,T174,Phosphorylation
P22736,S191,Phosphorylation
P22736,T236,Phosphorylation
P22736,S243,Phosphorylation
P22736,Y8,Phosphorylation
Q92570,T364,Phosphorylation
Q92570,S366,Phosphorylation
Q92570,S376,Phosphorylation
Q92570-3,S296,Phosphorylation
Q92570-3,S377,Phosphorylation
Q92570,S264,Phosphorylation
Q92570,T266,Phosphorylation
Q92570,S268,Phosphorylation
Q92570,S269,Phosphorylation
Q92570,S274,Phosphorylation
Q92570,S276,Phosphorylation
Q92570,S279,Phosphorylation
Q92570,S387,Phosphorylation
Q92570,T262,Phosphorylation
Q92570,S282,Phosphorylation
Q92570,S284,Phosphorylation
Q92570,S285,Phosphorylation
Q92570,S286,Phosphorylation
Q92570,S287,Phosphorylation
Q92570,S380,Phosphorylation
Q92570,S390,Phosphorylation
Q92570,S393,Phosphorylation
Q92570,T563,Phosphorylation
Q92570,S564,Phosphorylation
Q92570,S565,Phosphorylation
Q92570,S611,Phosphorylation
Q13285,S203,Phosphorylation
Q13285,S430,Phosphorylation
O00482,S31,Phosphorylation
O00482,S13,Phosphorylation
O00482,S2,Phosphorylation
O00482,S3,Phosphorylation
Q15406,S191,Phosphorylation
P51843,S354,Phosphorylation
P51843,S356,Phosphorylation
P51843,Y81,Phosphorylation
P51843,Y147,Phosphorylation
P51843,S148,Phosphorylation
P51843,T151,Phosphorylation
P51843,S152,Phosphorylation
P51843,S153,Phosphorylation
P51843,S78,Phosphorylation
P51843,S82,Phosphorylation
P51843,T85,Phosphorylation
P51843,S86,Phosphorylation
P51843,T90,Phosphorylation
P51843,Y91,Phosphorylation
Q15466,S116,Phosphorylation
P10827,S216,Phosphorylation
P10828,S99,Phosphorylation
P10828,Y100,Phosphorylation
P13631,T391,Phosphorylation
Q03181,S319,Phosphorylation
P20393,S159,Phosphorylation
P35398,T485,Phosphorylation
P35398,T476,Phosphorylation
Q13133,S312,Phosphorylation
Q13133,S310,Phosphorylation
Q13133,Y306,Phosphorylation
Q13133,S36,Phosphorylation
P11473,S119,Phosphorylation
O75469,S192,Phosphorylation
P19793,S355,Phosphorylation
P19793,S312,Phosphorylation
P19793,S314,Phosphorylation
P28702,S426,Phosphorylation
P48443,S356,Phosphorylation
P48443,S68,Phosphorylation
P49116,Y116,Phosphorylation
P13056,S140,Phosphorylation
P13056,S203,Phosphorylation
P13056,S509,Phosphorylation
Q9Y466,Y50,Phosphorylation
Q9Y5X4,S74,Phosphorylation
P10589,S113,Phosphorylation
P10589,Y171,Phosphorylation
P24468,S106,Phosphorylation
P10588,T380,Phosphorylation
P10588,T384,Phosphorylation
Q92731,S447,Phosphorylation
Q92731,S448,Phosphorylation
Q92731,S135,Phosphorylation
Q92731,S142,Phosphorylation
P11474,S72,Phosphorylation
P62508,S34,Phosphorylation
P04150,T529,Phosphorylation
P04150,T531,Phosphorylation
P04150,Y89,Phosphorylation
P04150,Y433,Phosphorylation
P08235,S296,Phosphorylation
Q15466,S27,Phosphorylation
Q15466,S26,Phosphorylation
P20393,T274,Phosphorylation
Q14995,S46,Phosphorylation
P19793,S56,Phosphorylation
P19793,S70,Phosphorylation
P13056,S197,Phosphorylation
P13056,S581,Phosphorylation
P10827-2,K283,Sumoylation
P10827-2,K389,Sumoylation
P10828-1,K50,Sumoylation
P10828-1,K146,Sumoylation
P10828-1,K443,Sumoylation
P10276-1,K399,Sumoylation
P10276-1,K166,Sumoylation
P10276-1,K171,Sumoylation
Q07869-1,K185,Sumoylation
P37231-2,K367,Sumoylation
P35398-2,K240,Sumoylation
P51449-2,K31,Sumoylation
Q13133-1,K328,Sumoylation
Q13133-1,K434,Sumoylation
P55055-1,K409,Sumoylation
P55055-1,K447,Sumoylation
Q96RI1-1,K279,Sumoylation
Q96RI1-1,K122,Sumoylation
Q96RI1-1,K325,Sumoylation
Q96RI1-2,K275,Sumoylation
P11473-1,K91,Sumoylation
P19793-1,K108,Sumoylation
P03372-1,K266,Sumoylation
P03372-1,K268,Sumoylation
P11474-1,K14,Sumoylation
P11474-1,K403,Sumoylation
P04150-1,K277,Sumoylation
P04150-1,K296,Sumoylation
P04150-1,K703,Sumoylation
P06401-1,K388,Sumoylation
P06401-1,K7,Sumoylation
P06401-1,K531,Sumoylation
P10275-1,K388,Sumoylation
P10275-1,K521,Sumoylation
P22736-1,K102,Sumoylation
P22736-1,K577,Sumoylation
O00482-2,K224,Sumoylation
P13631,K172,Sumoylation
P13631,K401,Sumoylation
P55055,K447,Sumoylation
Q96RI1,K132,Sumoylation
Q96RI1,K289,Sumoylation
P19793,K4,Sumoylation
P49116,K192,Sumoylation
P13056,K250,Sumoylation
P13056,K588,Sumoylation
P11474,K189,Sumoylation
P04150,K293,Sumoylation
P04150,K258,Sumoylation
P43354,K577,Sumoylation
Q13285,K119,Sumoylation
Q13285,K194,Sumoylation
O00482,K270,Sumoylation
P10827,K190,Sumoylation
P10828,K211,Sumoylation
P13631,K236,Sumoylation
Q03181,K176,Sumoylation
Q03181,K132,Sumoylation
P37231,K107,Sumoylation
P37231,K94,Sumoylation
P37231,K63,Sumoylation
P20393,K400,Sumoylation
P20393,K171,Sumoylation
P20393,K412,Sumoylation
P20393,K124,Sumoylation
P20393,K167,Sumoylation
P20393,K306,Sumoylation
Q14995,K369,Sumoylation
Q14995,K250,Sumoylation
Q14995,K142,Sumoylation
Q14995,K230,Sumoylation
Q14995,K262,Sumoylation
Q14995,K68,Sumoylation
P35398,K469,Sumoylation
Q13133,K128,Sumoylation
Q13133,K119,Sumoylation
P55055,K247,Sumoylation
P55055,K80,Sumoylation
P55055,K31,Sumoylation
P11473,K123,Sumoylation
P11473,K294,Sumoylation
P11473,K302,Sumoylation
P11473,K55,Sumoylation
P11473,K315,Sumoylation
P11473,K45,Sumoylation
P11473,K117,Sumoylation
P19793,K417,Sumoylation
P19793,K245,Sumoylation
P28702,K271,Sumoylation
P28702,K314,Sumoylation
P28702,K180,Sumoylation
P28702,K452,Sumoylation
P48443,K113,Sumoylation
P49116,K63,Sumoylation
P49116,K105,Sumoylation
P49116,K210,Sumoylation
P13056,K188,Sumoylation
P13056,K42,Sumoylation
P13056,K153,Sumoylation
P13056,K56,Sumoylation
P24468,K362,Sumoylation
P24468,K340,Sumoylation
P24468,K70,Sumoylation
P11474,K76,Sumoylation
P11474,K146,Sumoylation
P11474,K51,Sumoylation
P11474,K68,Sumoylation
O95718,K17,Sumoylation
O95718,K90,Sumoylation
P62508,K40,Sumoylation
P62508,K439,Sumoylation
P62508,K115,Sumoylation
P04150,K280,Sumoylation
P04150,K498,Sumoylation
P04150,K4,Sumoylation
P04150,K254,Sumoylation
P04150,K57,Sumoylation
P04150,K681,Sumoylation
P04150,K67,Sumoylation
P04150,K120,Sumoylation
P04150,K31,Sumoylation
P04150,K677,Sumoylation
P04150,K348,Sumoylation
P04150,K246,Sumoylation
P08235,K428,Sumoylation
P08235,K89,Sumoylation
P08235,K887,Sumoylation
P08235,K442,Sumoylation
P08235,K494,Sumoylation
P08235,K909,Sumoylation
P10275,K313,Sumoylation
P10275,K823,Sumoylation
P10275,K639,Sumoylation
P10275,K241,Sumoylation
P10275,K301,Sumoylation
P43354,K179,Sumoylation
P43354,K284,Sumoylation
P43354,K296,Sumoylation
P43354,K226,Sumoylation
P22736,K354,Sumoylation
P22736,K381,Sumoylation
P22736,K397,Sumoylation
P22736,K254,Sumoylation
P22736,K352,Sumoylation
P22736,K386,Sumoylation
P22736,K300,Sumoylation
P22736,K343,Sumoylation
Q92570,K85,Sumoylation
Q92570,K313,Sumoylation
Q92570,K377,Sumoylation
Q92570,K325,Sumoylation
O00482,K192,Sumoylation
P51843,K351,Sumoylation
P37231-2,K224,Ubiquitination
P04150-1,K419,Ubiquitination
P10275-1,K846,Ubiquitination
P10275-1,K848,Ubiquitination
P10827,K190,Ubiquitination
P20393,K400,Ubiquitination
P20393,K455,Ubiquitination
P20393,K576,Ubiquitination
P20393,K591,Ubiquitination
Q14995,K557,Ubiquitination
P11473,K302,Ubiquitination
P41235,K234,Ubiquitination
P41235,K307,Ubiquitination
P28702,K452,Ubiquitination
P28702,K488,Ubiquitination
P10589,K308,Ubiquitination
P10589,K369,Ubiquitination
P10589,K396,Ubiquitination
P10589,K96,Ubiquitination
P10589,K310,Ubiquitination
P24468,K301,Ubiquitination
P24468,K389,Ubiquitination
P10588,K291,Ubiquitination
P10588,K379,Ubiquitination
P03372,K302,Ubiquitination
P04150-16,K84,Ubiquitination
P04150-15,K89,Ubiquitination
P04150-14,K104,Ubiquitination
P04150-8,K322,Ubiquitination
P04150-12,K330,Ubiquitination
P04150-11,K334,Ubiquitination
P04150-8,K393,Ubiquitination
P06401,K388,Ubiquitination
P06401,K386,Ubiquitination
P06401-2,K222,Ubiquitination
P06401-2,K224,Ubiquitination
P22736,K381,Ubiquitination
Q13285,K119,Ubiquitination
P10276,K390,Ubiquitination
P10276,K234,Ubiquitination
P10826,K390,Ubiquitination
P37231,K382,Ubiquitination
P37231,K258,Ubiquitination
P37231,K268,Ubiquitination
P37231,K94,Ubiquitination
P20393,K167,Ubiquitination
P20393,K117,Ubiquitination
P20393,K587,Ubiquitination
P20393,K306,Ubiquitination
P20393,K491,Ubiquitination
P20393,K171,Ubiquitination
Q14995,K138,Ubiquitination
Q14995,K553,Ubiquitination
Q14995,K542,Ubiquitination
P11473,K399,Ubiquitination
P11473,K123,Ubiquitination
P19793,K417,Ubiquitination
P19793,K381,Ubiquitination
P28702,K476,Ubiquitination
P48443,K418,Ubiquitination
P48443,K382,Ubiquitination
P49116,K531,Ubiquitination
P13056,K119,Ubiquitination
P13056,K538,Ubiquitination
P10588,K330,Ubiquitination
P11474,K146,Ubiquitination
P62508,K443,Ubiquitination
P04150,K681,Ubiquitination
P04150,K695,Ubiquitination
P04150,K699,Ubiquitination
P04150,K57,Ubiquitination
P04150,K677,Ubiquitination
P43354,K296,Ubiquitination
P22736,K300,Ubiquitination
P22736,K307,Ubiquitination
Q92570,K325,Ubiquitination
P51843,K154,Ubiquitination
P51843,K184,Ubiquitination
P35398-2,K38,Monomethylation
Q96RI1-1,S62,O-glcNAcylation
P03372-1,C221,Thiol oxidation
P03372-1,C227,Thiol oxidation
P03372-1,C237,Thiol oxidation
P03372-1,C240,Thiol oxidation
Q14541,S118,Phosphorylation
Q14541,S121,Phosphorylation
Q14541,S124,Phosphorylation
Q14541,T126,Phosphorylation
Q14541,S103,Phosphorylation
Q14541,T106,Phosphorylation
Q14541,S114,Phosphorylation
Q14541,S120,Phosphorylation
Q14541,S125,Phosphorylation
Q14541,Y156,Phosphorylation
Q14541,Y191,Phosphorylation
Q14541,S94,Phosphorylation
Q14541,T95,Phosphorylation
Q14541,S99,Phosphorylation
Q14541,K42,Methylation
Q14541,K131,Methylation
Q14541,S39,Phosphorylation
Q14541,S94,Phosphorylation
Q14541,T370,Phosphorylation
Q14541,T373,Phosphorylation
Q14541,S377,Phosphorylation
